date,day,month,search topic
2024-05-01,Wednesday,May,Machine Learning
2024-05-02,Thursday,May,Data Analysis
2024-05-03,Friday,May,React.js
2024-05-04,Saturday,May,JavaScript Basics
2024-05-05,Sunday,May,CSS Flexbox
2024-05-06,Monday,May,Node.js
2024-05-07,Tuesday,May,Python for Data Science
2024-05-08,Wednesday,May,MySQL Database Management
2024-05-09,Thursday,May,Responsive Design
2024-05-10,Friday,May,Object Detection
2024-05-11,Saturday,May,GitHub for Beginners
2024-05-12,Sunday,May,Online Exam Systems
2024-05-13,Monday,May,User Authentication
2024-05-14,Tuesday,May,Frontend Frameworks
2024-05-15,Wednesday,May,Web Development
2024-05-16,Thursday,May,Machine Learning
2024-05-17,Friday,May,Data Analysis
2024-05-18,Saturday,May,React.js
2024-05-19,Sunday,May,JavaScript Basics
2024-05-20,Monday,May,CSS Flexbox
2024-05-21,Tuesday,May,Node.js
2024-05-22,Wednesday,May,Python for Data Science
2024-05-23,Thursday,May,MySQL Database Management
2024-05-24,Friday,May,Responsive Design
2024-05-25,Saturday,May,Object Detection
2024-05-26,Sunday,May,GitHub for Beginners
2024-05-27,Monday,May,Online Exam Systems
2024-05-28,Tuesday,May,User Authentication
2024-05-29,Wednesday,May,Frontend Frameworks
2024-05-30,Thursday,May,Web Development
2024-05-31,Friday,May,Machine Learning
2024-06-01,Saturday,June,Data Analysis
2024-06-02,Sunday,June,React.js
2024-06-03,Monday,June,JavaScript Basics
2024-06-04,Tuesday,June,CSS Flexbox
2024-06-05,Wednesday,June,Node.js
2024-06-06,Thursday,June,Python for Data Science
2024-06-07,Friday,June,MySQL Database Management
2024-06-08,Saturday,June,Responsive Design
2024-06-09,Sunday,June,Object Detection
2024-06-10,Monday,June,GitHub for Beginners
2024-06-11,Tuesday,June,Online Exam Systems
2024-06-12,Wednesday,June,User Authentication
2024-06-13,Thursday,June,Frontend Frameworks
2024-06-14,Friday,June,Web Development
2024-06-15,Saturday,June,Machine Learning
2024-06-16,Sunday,June,Data Analysis
2024-06-17,Monday,June,React.js
2024-06-18,Tuesday,June,JavaScript Basics
2024-06-19,Wednesday,June,CSS Flexbox
2024-06-20,Thursday,June,Node.js
2024-06-21,Friday,June,Python for Data Science
2024-06-22,Saturday,June,MySQL Database Management
2024-06-23,Sunday,June,Responsive Design
2024-06-24,Monday,June,Object Detection
2024-06-25,Tuesday,June,GitHub for Beginners
2024-06-26,Wednesday,June,Online Exam Systems
2024-06-27,Thursday,June,User Authentication
2024-06-28,Friday,June,Frontend Frameworks
2024-06-29,Saturday,June,Web Development
2024-06-30,Sunday,June,Machine Learning
2024-07-01,Monday,July,Data Analysis
2024-07-02,Tuesday,July,React.js
2024-07-03,Wednesday,July,JavaScript Basics
2024-07-04,Thursday,July,CSS Flexbox
2024-07-05,Friday,July,Node.js
2024-07-06,Saturday,July,Python for Data Science
2024-07-07,Sunday,July,MySQL Database Management
2024-07-08,Monday,July,Responsive Design
2024-07-09,Tuesday,July,Object Detection
2024-07-10,Wednesday,July,GitHub for Beginners
2024-07-11,Thursday,July,Online Exam Systems
2024-07-12,Friday,July,User Authentication
2024-07-13,Saturday,July,Frontend Frameworks
2024-07-14,Sunday,July,Web Development
2024-07-15,Monday,July,Machine Learning
2024-07-16,Tuesday,July,Data Analysis
2024-07-17,Wednesday,July,React.js
2024-07-18,Thursday,July,JavaScript Basics
2024-07-19,Friday,July,CSS Flexbox
2024-07-20,Saturday,July,Node.js
2024-07-21,Sunday,July,Python for Data Science
2024-07-22,Monday,July,MySQL Database Management
2024-07-23,Tuesday,July,Responsive Design
2024-07-24,Wednesday,July,Object Detection
2024-07-25,Thursday,July,GitHub for Beginners
2024-07-26,Friday,July,Online Exam Systems
2024-07-27,Saturday,July,User Authentication
2024-07-28,Sunday,July,Frontend Frameworks
2024-07-29,Monday,July,Web Development
2024-07-30,Tuesday,July,Machine Learning
2024-07-31,Wednesday,July,Data Analysis
2024-08-01,Thursday,August,React.js
2024-08-02,Friday,August,JavaScript Basics
2024-08-03,Saturday,August,CSS Flexbox
2024-08-04,Sunday,August,Node.js
2024-08-05,Monday,August,Python for Data Science
2024-08-06,Tuesday,August,MySQL Database Management
2024-08-07,Wednesday,August,Responsive Design
2024-08-08,Thursday,August,Object Detection
2024-08-09,Friday,August,GitHub for Beginners
2024-08-10,Saturday,August,Online Exam Systems
2024-08-11,Sunday,August,User Authentication
2024-08-12,Monday,August,Frontend Frameworks
2024-08-13,Tuesday,August,Web Development
2024-08-14,Wednesday,August,Machine Learning
2024-08-15,Thursday,August,Data Analysis
2024-08-16,Friday,August,React.js
2024-08-17,Saturday,August,JavaScript Basics
2024-08-18,Sunday,August,CSS Flexbox
2024-08-19,Monday,August,Node.js
2024-08-20,Tuesday,August,Python for Data Science
2024-08-21,Wednesday,August,MySQL Database Management
2024-08-22,Thursday,August,Responsive Design
2024-08-23,Friday,August,Object Detection
2024-08-24,Saturday,August,GitHub for Beginners
2024-08-25,Sunday,August,Online Exam Systems
2024-08-26,Monday,August,User Authentication
2024-08-27,Tuesday,August,Frontend Frameworks
2024-08-28,Wednesday,August,Web Development
2024-08-29,Thursday,August,Machine Learning
2024-08-30,Friday,August,Data Analysis
2024-08-31,Saturday,August,React.js
2024-09-01,Sunday,September,JavaScript Basics
2024-09-02,Monday,September,CSS Flexbox
2024-09-03,Tuesday,September,Node.js
2024-09-04,Wednesday,September,Python for Data Science
2024-09-05,Thursday,September,MySQL Database Management
2024-09-06,Friday,September,Responsive Design
2024-09-07,Saturday,September,Object Detection
2024-09-08,Sunday,September,GitHub for Beginners
2024-09-09,Monday,September,Online Exam Systems
2024-09-10,Tuesday,September,User Authentication
2024-09-11,Wednesday,September,Frontend Frameworks
2024-09-12,Thursday,September,Web Development
2024-09-13,Friday,September,Machine Learning
2024-09-14,Saturday,September,Data Analysis
2024-09-15,Sunday,September,React.js
2024-09-16,Monday,September,JavaScript Basics
2024-09-17,Tuesday,September,CSS Flexbox
2024-09-18,Wednesday,September,Node.js
2024-09-19,Thursday,September,Python for Data Science
2024-09-20,Friday,September,MySQL Database Management
2024-09-21,Saturday,September,Responsive Design
2024-09-22,Sunday,September,Object Detection
2024-09-23,Monday,September,GitHub for Beginners
2024-09-24,Tuesday,September,Online Exam Systems
2024-09-25,Wednesday,September,User Authentication
2024-09-26,Thursday,September,Frontend Frameworks
2024-09-27,Friday,September,Web Development
2024-09-28,Saturday,September,Machine Learning
2024-09-29,Sunday,September,Data Analysis
2024-09-30,Monday,September,React.js
